STATE,STATENAME,ST_CASE,VE_TOTAL,VE_FORMS,PVH_INVL,PEDS,PERSONS,PERMVIT,PERNOTMVIT,COUNTY,CITY,DAY,DAYNAME,MONTH,MONTHNAME,YEAR,DAY_WEEK,DAY_WEEKNAME,HOUR,HOURNAME,MINUTE,MINUTENAME,NHS,NHSNAME,ROUTE,ROUTENAME,TWAY_ID,TWAY_ID2,RUR_URB,RUR_URBNAME,FUNC_SYS,FUNC_SYSNAME,RD_OWNER,RD_OWNERNAME,MILEPT,MILEPTNAME,LATITUDE,LATITUDENAME,LONGITUD,LONGITUDNAME,SP_JUR,SP_JURNAME,HARM_EV,HARM_EVNAME,MAN_COLL,MAN_COLLNAME,RELJCT1,RELJCT1NAME,RELJCT2,RELJCT2NAME,TYP_INT,TYP_INTNAME,WRK_ZONE,WRK_ZONENAME,REL_ROAD,REL_ROADNAME,LGT_COND,LGT_CONDNAME,WEATHER1,WEATHER1NAME,WEATHER2,WEATHER2NAME,WEATHER,WEATHERNAME,SCH_BUS,SCH_BUSNAME,RAIL,RAILNAME,NOT_HOUR,NOT_HOURNAME,NOT_MIN,NOT_MINNAME,ARR_HOUR,ARR_HOURNAME,ARR_MIN,ARR_MINNAME,HOSP_HR,HOSP_HRNAME,HOSP_MN,HOSP_MNNAME,CF1,CF1NAME,CF2,CF2NAME,CF3,CF3NAME,FATALS,DRUNK_DR
41,Oregon,410279,2,2,0,0,2,2,0,17,0,8,8,10,October,2015,5,Thursday,13,1:00pm-1:59pm,1,1,0,This section IS NOT on the NHS,4,County Road,CR-27TH ST,,2,Urban,4,Minor Arterial,2,County Highway Agency,5,5,44.01530833,44.01530833,-121.2590083,-121.25900833,0,No Special Jurisdiction,12,Motor Vehicle In-Transport,2,Front-to-Front,0,No,1,Non-Junction,1,Not an Intersection,0,,1,On Roadway,1,Daylight,1,Clear,0,No Additional Atmospheric Conditions,1,Clear,0,No,0000000,Not Applicable,13,1:00pm-1:59pm,2,2,13,1:00pm-1:59pm,10,10,88,Not Applicable (Not Transported),88,Not Applicable (Not Transported),0,,0,,0,,1,0
41,Oregon,410280,2,2,0,0,7,7,0,29,0,9,9,10,October,2015,6,Friday,14,2:00pm-2:59pm,16,16,0,This section IS NOT on the NHS,4,County Road,CR-E EVANS CREEK RD,,1,Rural,5,Major Collector,2,County Highway Agency,237,237,42.52751944,42.52751944,-123.1625722,-123.16257222,0,No Special Jurisdiction,12,Motor Vehicle In-Transport,2,Front-to-Front,0,No,1,Non-Junction,1,Not an Intersection,0,,1,On Roadway,1,Daylight,98,Not Reported,0,No Additional Atmospheric Conditions,98,Not Reported,0,No,0000000,Not Applicable,14,2:00pm-2:59pm,17,17,14,2:00pm-2:59pm,22,22,15,3:00pm-3:59pm,16,16,0,,0,,0,,2,0
41,Oregon,410281,1,1,0,0,1,1,0,53,0,11,11,10,October,2015,1,Sunday,22,10:00pm-10:59pm,30,30,0,This section IS NOT on the NHS,3,State Highway,SR-18B (ODOT 157),CR-YAMHILL RIVER RD,1,Rural,5,Major Collector,1,State Highway Agency,2,2,45.0523,45.0523,-123.4977417,-123.49774167,0,No Special Jurisdiction,30,Utility Pole/Light Support,0,Not a Collision with Motor Vehicle In-Transport,0,No,3,Intersection-Related,4,Y-Intersection,0,,4,On Roadside,2,Dark - Not Lighted,10,Cloudy,0,No Additional Atmospheric Conditions,10,Cloudy,0,No,0000000,Not Applicable,22,10:00pm-10:59pm,29,29,22,10:00pm-10:59pm,37,37,88,Not Applicable (Not Transported),88,Not Applicable (Not Transported),0,,0,,0,,1,1
41,Oregon,410282,2,2,0,0,2,2,0,51,1650,20,20,9,September,2015,1,Sunday,0,0:00am-0:59am,46,46,0,This section IS NOT on the NHS,6,Local Street - Municipality,SW MULTNOMAH BLVD,SW 34TH AVE,2,Urban,5,Major Collector,4,City or Municipal Highway Agency,0,,45.46695278,45.46695278,-122.7115944,-122.71159444,0,No Special Jurisdiction,12,Motor Vehicle In-Transport,6,Angle,0,No,2,Intersection,3,T-Intersection,0,,1,On Roadway,3,Dark - Lighted,1,Clear,0,No Additional Atmospheric Conditions,1,Clear,0,No,0000000,Not Applicable,0,0:00am-0:59am,46,46,0,0:00am-0:59am,50,50,1,1:00am-1:59am,18,18,0,,0,,0,,1,1
41,Oregon,410283,1,1,0,0,1,1,0,15,0,5,5,5,May,2015,3,Tuesday,10,10:00am-10:59am,18,18,1,This section IS ON the NHS,2,U.S. Highway,US-101 (ODOT 9),,1,Rural,3,Principal Arterial - Other,1,State Highway Agency,3350,3350,42.31691389,42.31691389,-124.4163278,-124.41632778,0,No Special Jurisdiction,34,Ditch,0,Not a Collision with Motor Vehicle In-Transport,0,No,1,Non-Junction,1,Not an Intersection,0,,4,On Roadside,1,Daylight,1,Clear,0,No Additional Atmospheric Conditions,1,Clear,0,No,0000000,Not Applicable,10,10:00am-10:59am,21,21,10,10:00am-10:59am,30,30,10,10:00am-10:59am,57,57,0,,0,,0,,1,0
41,Oregon,410284,1,1,0,0,1,1,0,67,0,13,13,10,October,2015,3,Tuesday,20,8:00pm-8:59pm,9,9,0,This section IS NOT on the NHS,6,Local Street - Municipality,CR-SW VANDERSHUERE RD,,1,Rural,6,Minor Collector,4,City or Municipal Highway Agency,0,,45.39699167,45.39699167,-122.9628556,-122.96285556,0,No Special Jurisdiction,34,Ditch,0,Not a Collision with Motor Vehicle In-Transport,0,No,1,Non-Junction,1,Not an Intersection,0,,4,On Roadside,2,Dark - Not Lighted,1,Clear,0,No Additional Atmospheric Conditions,1,Clear,0,No,0000000,Not Applicable,20,8:00pm-8:59pm,9,9,20,8:00pm-8:59pm,17,17,88,Not Applicable (Not Transported),88,Not Applicable (Not Transported),0,,0,,0,,1,0
41,Oregon,410285,1,1,0,0,1,1,0,39,0,1,1,11,November,2015,1,Sunday,17,5:00pm-5:59pm,7,7,0,This section IS NOT on the NHS,4,County Road,CR-CROW RD,,1,Rural,5,Major Collector,2,County Highway Agency,55,55,44.00240278,44.00240278,-123.2697444,-123.26974444,0,No Special Jurisdiction,34,Ditch,0,Not a Collision with Motor Vehicle In-Transport,0,No,1,Non-Junction,1,Not an Intersection,0,,4,On Roadside,5,Dusk,10,Cloudy,2,Rain,2,Rain,0,No,0000000,Not Applicable,17,5:00pm-5:59pm,7,7,17,5:00pm-5:59pm,10,10,88,Not Applicable (Not Transported),88,Not Applicable (Not Transported),0,,0,,0,,1,1
41,Oregon,410286,1,1,0,1,1,1,1,51,1650,1,1,11,November,2015,1,Sunday,1,1:00am-1:59am,1,1,0,This section IS NOT on the NHS,2,U.S. Highway,US-30BY (ODOT 123),,2,Urban,4,Minor Arterial,1,State Highway Agency,44,44,45.577125,45.577125,-122.6975,-122.6975,0,No Special Jurisdiction,8,Pedestrian,0,Not a Collision with Motor Vehicle In-Transport,0,No,1,Non-Junction,1,Not an Intersection,0,,1,On Roadway,3,Dark - Lighted,10,Cloudy,0,No Additional Atmospheric Conditions,10,Cloudy,0,No,0000000,Not Applicable,99,Unknown,99,Unknown,99,Unknown EMS Scene Arrival Hour,99,Unknown EMS Scene Arrival Minutes,88,Not Applicable (Not Transported),88,Not Applicable (Not Transported),0,,0,,0,,1,1
41,Oregon,410287,1,1,0,0,1,1,0,43,2052,21,21,10,October,2015,4,Wednesday,2,2:00am-2:59am,33,33,1,This section IS ON the NHS,3,State Highway,SR-34 (ODOT 210),,2,Urban,3,Principal Arterial - Other,1,State Highway Agency,70,70,44.56038333,44.56038333,-123.1207194,-123.12071944,0,No Special Jurisdiction,31,"Other Post, Other Pole or Other Supports",0,Not a Collision with Motor Vehicle In-Transport,0,No,1,Non-Junction,1,Not an Intersection,0,,3,On Median,3,Dark - Lighted,10,Cloudy,0,No Additional Atmospheric Conditions,10,Cloudy,0,No,0000000,Not Applicable,2,2:00am-2:59am,33,33,2,2:00am-2:59am,42,42,88,Not Applicable (Not Transported),88,Not Applicable (Not Transported),0,,0,,0,,1,1
41,Oregon,410288,1,1,0,0,1,1,0,33,0,5,5,11,November,2015,5,Thursday,13,1:00pm-1:59pm,0,0,0,This section IS NOT on the NHS,3,State Highway,SR-260 (ODOT 260),,1,Rural,5,Major Collector,1,State Highway Agency,81,81,42.44195278,42.44195278,-123.4617028,-123.46170278,0,No Special Jurisdiction,42,Tree (Standing Only),0,Not a Collision with Motor Vehicle In-Transport,0,No,1,Non-Junction,1,Not an Intersection,0,,4,On Roadside,1,Daylight,10,Cloudy,0,No Additional Atmospheric Conditions,10,Cloudy,0,No,0000000,Not Applicable,13,1:00pm-1:59pm,10,10,13,1:00pm-1:59pm,15,15,88,Not Applicable (Not Transported),88,Not Applicable (Not Transported),0,,0,,0,,1,1
41,Oregon,410289,1,1,0,0,2,2,0,29,0,9,9,11,November,2015,2,Monday,16,4:00pm-4:59pm,29,29,1,This section IS ON the NHS,1,Interstate,I-5,,1,Rural,1,Interstate,1,State Highway Agency,56,56,42.08883611,42.08883611,-122.6032111,-122.60321111,0,No Special Jurisdiction,1,Rollover/Overturn,0,Not a Collision with Motor Vehicle In-Transport,0,No,1,Non-Junction,1,Not an Intersection,0,,4,On Roadside,5,Dusk,5,"Fog, Smog, Smoke",0,No Additional Atmospheric Conditions,5,"Fog, Smog, Smoke",0,No,0000000,Not Applicable,16,4:00pm-4:59pm,29,29,17,5:00pm-5:59pm,0,0,88,Not Applicable (Not Transported),88,Not Applicable (Not Transported),0,,0,,0,,1,0
41,Oregon,410290,1,1,0,0,2,2,0,33,0,16,16,10,October,2015,6,Friday,21,9:00pm-9:59pm,57,57,0,This section IS NOT on the NHS,4,County Road,CR-LAKESHORE DR,,1,Rural,5,Major Collector,2,County Highway Agency,15,15,42.27177778,42.27177778,-123.5952556,-123.59525556,0,No Special Jurisdiction,1,Rollover/Overturn,0,Not a Collision with Motor Vehicle In-Transport,0,No,1,Non-Junction,1,Not an Intersection,0,,4,On Roadside,2,Dark - Not Lighted,1,Clear,0,No Additional Atmospheric Conditions,1,Clear,0,No,0000000,Not Applicable,21,9:00pm-9:59pm,57,57,22,10:00pm-10:59pm,10,10,88,Not Applicable (Not Transported),88,Not Applicable (Not Transported),0,,0,,0,,2,1
41,Oregon,410291,1,1,0,1,1,1,1,59,990,16,16,10,October,2015,6,Friday,6,6:00am-6:59am,37,37,0,This section IS NOT on the NHS,3,State Highway,SR-207 (ODOT 333),,2,Urban,4,Minor Arterial,1,State Highway Agency,85,85,45.84959722,45.84959722,-119.3043611,-119.30436111,0,No Special Jurisdiction,8,Pedestrian,0,Not a Collision with Motor Vehicle In-Transport,0,No,1,Non-Junction,1,Not an Intersection,0,,1,On Roadway,4,Dawn,1,Clear,0,No Additional Atmospheric Conditions,1,Clear,0,No,0000000,Not Applicable,6,6:00am-6:59am,38,38,6,6:00am-6:59am,43,43,88,Not Applicable (Not Transported),88,Not Applicable (Not Transported),0,,0,,0,,1,0
41,Oregon,410292,1,1,0,0,4,4,0,9,0,17,17,10,October,2015,7,Saturday,1,1:00am-1:59am,23,23,0,This section IS NOT on the NHS,4,County Road,CR-PITTSBURG RD,,1,Rural,6,Minor Collector,2,County Highway Agency,123,123,45.88973333,45.88973333,-122.9820861,-122.98208611,0,No Special Jurisdiction,1,Rollover/Overturn,0,Not a Collision with Motor Vehicle In-Transport,0,No,1,Non-Junction,1,Not an Intersection,0,,4,On Roadside,2,Dark - Not Lighted,10,Cloudy,0,No Additional Atmospheric Conditions,10,Cloudy,0,No,0000000,Not Applicable,99,Unknown,99,Unknown,99,Unknown EMS Scene Arrival Hour,99,Unknown EMS Scene Arrival Minutes,99,Unknown,99,Unknown EMS Hospital Arrival Time,0,,0,,0,,1,1
41,Oregon,410293,1,1,0,0,1,1,0,35,0,18,18,10,October,2015,1,Sunday,16,4:00pm-4:59pm,41,41,1,This section IS ON the NHS,2,U.S. Highway,US-97 (ODOT 4),,1,Rural,3,Principal Arterial - Other,1,State Highway Agency,2310,2310,42.87658889,42.87658889,-121.8311972,-121.83119722,0,No Special Jurisdiction,1,Rollover/Overturn,0,Not a Collision with Motor Vehicle In-Transport,0,No,1,Non-Junction,1,Not an Intersection,0,,4,On Roadside,1,Daylight,1,Clear,0,No Additional Atmospheric Conditions,1,Clear,0,No,0000000,Not Applicable,16,4:00pm-4:59pm,41,41,17,5:00pm-5:59pm,12,12,88,Not Applicable (Not Transported),88,Not Applicable (Not Transported),0,,0,,0,,1,0
41,Oregon,410294,2,2,0,0,2,2,0,39,0,22,22,10,October,2015,5,Thursday,9,9:00am-9:59am,50,50,1,This section IS ON the NHS,1,Interstate,I-5,,2,Urban,1,Interstate,1,State Highway Agency,1883,1883,43.99468611,43.99468611,-123.0054222,-123.00542222,0,No Special Jurisdiction,12,Motor Vehicle In-Transport,6,Angle,0,No,1,Non-Junction,1,Not an Intersection,0,,1,On Roadway,1,Daylight,1,Clear,0,No Additional Atmospheric Conditions,1,Clear,0,No,0000000,Not Applicable,9,9:00am-9:59am,50,50,10,10:00am-10:59am,2,2,88,Not Applicable (Not Transported),88,Not Applicable (Not Transported),0,,0,,0,,1,0
41,Oregon,410295,2,2,0,0,3,3,0,35,0,25,25,10,October,2015,1,Sunday,16,4:00pm-4:59pm,10,10,0,This section IS NOT on the NHS,3,State Highway,SR-62 (ODOT 22),SR-422 (ODOT 422),1,Rural,5,Major Collector,1,State Highway Agency,985,985,42.59975,42.59975,-121.9277556,-121.92775556,0,No Special Jurisdiction,12,Motor Vehicle In-Transport,2,Front-to-Front,0,No,2,Intersection,2,Four-Way Intersection,0,,1,On Roadway,1,Daylight,2,Rain,0,No Additional Atmospheric Conditions,2,Rain,0,No,0000000,Not Applicable,16,4:00pm-4:59pm,12,12,16,4:00pm-4:59pm,25,25,99,Unknown,99,Unknown EMS Hospital Arrival Time,0,,0,,0,,1,0
41,Oregon,410296,1,1,0,0,1,1,0,1,0,11,11,11,November,2015,4,Wednesday,10,10:00am-10:59am,40,40,0,This section IS NOT on the NHS,3,State Highway,SR-7 (ODOT 71),,1,Rural,4,Minor Arterial,1,State Highway Agency,443,443,44.6893,44.6893,-117.8544861,-117.85448611,0,No Special Jurisdiction,1,Rollover/Overturn,0,Not a Collision with Motor Vehicle In-Transport,0,No,1,Non-Junction,1,Not an Intersection,0,,4,On Roadside,1,Daylight,10,Cloudy,0,No Additional Atmospheric Conditions,10,Cloudy,0,No,0000000,Not Applicable,10,10:00am-10:59am,40,40,10,10:00am-10:59am,50,50,88,Not Applicable (Not Transported),88,Not Applicable (Not Transported),0,,0,,0,,1,0
41,Oregon,410297,2,2,0,0,3,3,0,19,0,9,9,3,March,2015,2,Monday,16,4:00pm-4:59pm,30,30,0,This section IS NOT on the NHS,4,County Road,CR-NE STEPHENS ST,CR-PLEASANT ST,2,Urban,4,Minor Arterial,1,State Highway Agency,40,40,43.26706944,43.26706944,-123.3528639,-123.35286389,0,No Special Jurisdiction,12,Motor Vehicle In-Transport,1,Front-to-Rear,0,No,3,Intersection-Related,2,Four-Way Intersection,0,,1,On Roadway,1,Daylight,1,Clear,0,No Additional Atmospheric Conditions,1,Clear,0,No,0000000,Not Applicable,16,4:00pm-4:59pm,40,40,16,4:00pm-4:59pm,50,50,17,5:00pm-5:59pm,8,8,0,,0,,0,,1,0
41,Oregon,410298,2,2,0,0,3,3,0,47,0,2,2,10,October,2015,6,Friday,19,7:00pm-7:59pm,22,22,0,This section IS NOT on the NHS,4,County Road,CR-RIVER RD S,CR-RIVERSIDE RD S,1,Rural,4,Minor Arterial,2,County Highway Agency,5,5,44.84546944,44.84546944,-123.1746083,-123.17460833,0,No Special Jurisdiction,12,Motor Vehicle In-Transport,6,Angle,0,No,2,Intersection,2,Four-Way Intersection,0,,1,On Roadway,5,Dusk,10,Cloudy,0,No Additional Atmospheric Conditions,10,Cloudy,0,No,0000000,Not Applicable,19,7:00pm-7:59pm,22,22,19,7:00pm-7:59pm,31,31,88,Not Applicable (Not Transported),88,Not Applicable (Not Transported),0,,0,,0,,1,2
41,Oregon,410299,1,1,0,0,1,1,0,5,0,4,4,10,October,2015,1,Sunday,7,7:00am-7:59am,39,39,0,This section IS NOT on the NHS,3,State Highway,SR-213 (ODOT 160),,1,Rural,4,Minor Arterial,1,State Highway Agency,226,226,45.07591667,45.07591667,-122.6837639,-122.68376389,0,No Special Jurisdiction,38,Fence,0,Not a Collision with Motor Vehicle In-Transport,0,No,1,Non-Junction,1,Not an Intersection,0,,5,Outside Trafficway,1,Daylight,1,Clear,0,No Additional Atmospheric Conditions,1,Clear,0,No,0000000,Not Applicable,7,7:00am-7:59am,39,39,7,7:00am-7:59am,48,48,88,Not Applicable (Not Transported),88,Not Applicable (Not Transported),0,,0,,0,,1,1
41,Oregon,410300,2,2,0,0,3,3,0,59,0,19,19,10,October,2015,2,Monday,15,3:00pm-3:59pm,48,48,1,This section IS ON the NHS,2,U.S. Highway,US-395 (ODOT 54),CR-BAGGETT LN,2,Urban,3,Principal Arterial - Other,1,State Highway Agency,28,28,45.87915,45.87915,-119.2953194,-119.29531944,0,No Special Jurisdiction,12,Motor Vehicle In-Transport,6,Angle,0,No,2,Intersection,2,Four-Way Intersection,0,,1,On Roadway,1,Daylight,1,Clear,0,No Additional Atmospheric Conditions,1,Clear,0,No,0000000,Not Applicable,15,3:00pm-3:59pm,49,49,15,3:00pm-3:59pm,52,52,16,4:00pm-4:59pm,30,30,0,,0,,0,,1,0
41,Oregon,410301,1,1,0,1,1,1,1,17,190,8,8,11,November,2015,1,Sunday,18,6:00pm-6:59pm,11,11,1,This section IS ON the NHS,2,U.S. Highway,US-20 (ODOT 17),US-20 RAMP,2,Urban,3,Principal Arterial - Other,1,State Highway Agency,198,198,44.07504167,44.07504167,-121.302975,-121.302975,0,No Special Jurisdiction,8,Pedestrian,0,Not a Collision with Motor Vehicle In-Transport,0,No,1,Non-Junction,1,Not an Intersection,0,,1,On Roadway,2,Dark - Not Lighted,1,Clear,0,No Additional Atmospheric Conditions,1,Clear,0,No,0000000,Not Applicable,18,6:00pm-6:59pm,13,13,18,6:00pm-6:59pm,23,23,18,6:00pm-6:59pm,45,45,0,,0,,0,,1,0
41,Oregon,410302,1,1,0,0,1,1,0,71,0,12,12,11,November,2015,5,Thursday,1,1:00am-1:59am,37,37,0,This section IS NOT on the NHS,4,County Road,CR-BAKER CREEK RD,,1,Rural,5,Major Collector,2,County Highway Agency,55,55,45.22879444,45.22879444,-123.2836556,-123.28365556,0,No Special Jurisdiction,1,Rollover/Overturn,0,Not a Collision with Motor Vehicle In-Transport,0,No,1,Non-Junction,1,Not an Intersection,0,,1,On Roadway,2,Dark - Not Lighted,2,Rain,0,No Additional Atmospheric Conditions,2,Rain,0,No,0000000,Not Applicable,1,1:00am-1:59am,39,39,1,1:00am-1:59am,50,50,88,Not Applicable (Not Transported),88,Not Applicable (Not Transported),0,,0,,0,,1,0
41,Oregon,410303,1,1,0,0,1,1,0,43,0,14,14,11,November,2015,7,Saturday,3,3:00am-3:59am,55,55,0,This section IS NOT on the NHS,4,County Road,CR-RICHARDSON GAP RD,,1,Rural,5,Major Collector,2,County Highway Agency,22,22,44.669675,44.669675,-122.8043694,-122.80436944,0,No Special Jurisdiction,34,Ditch,0,Not a Collision with Motor Vehicle In-Transport,0,No,1,Non-Junction,1,Not an Intersection,0,,4,On Roadside,2,Dark - Not Lighted,10,Cloudy,0,No Additional Atmospheric Conditions,10,Cloudy,0,No,0000000,Not Applicable,3,3:00am-3:59am,55,55,4,4:00am-4:59am,6,6,88,Not Applicable (Not Transported),88,Not Applicable (Not Transported),0,,0,,0,,1,1
41,Oregon,410304,1,1,0,0,1,1,0,1,0,14,14,11,November,2015,7,Saturday,18,6:00pm-6:59pm,43,43,0,This section IS NOT on the NHS,3,State Highway,SR-7 (ODOT 71),,1,Rural,4,Minor Arterial,1,State Highway Agency,485,485,44.74583889,44.74583889,-117.8357361,-117.83573611,0,No Special Jurisdiction,1,Rollover/Overturn,0,Not a Collision with Motor Vehicle In-Transport,0,No,1,Non-Junction,1,Not an Intersection,0,,4,On Roadside,2,Dark - Not Lighted,1,Clear,0,No Additional Atmospheric Conditions,1,Clear,0,No,0000000,Not Applicable,18,6:00pm-6:59pm,43,43,18,6:00pm-6:59pm,45,45,19,7:00pm-7:59pm,4,4,0,,0,,0,,1,1
41,Oregon,410305,1,1,0,0,1,1,0,57,0,16,16,11,November,2015,2,Monday,18,6:00pm-6:59pm,20,20,1,This section IS ON the NHS,3,State Highway,SR-18 (ODOT 39),,1,Rural,3,Principal Arterial - Other,1,State Highway Agency,110,110,45.05197222,45.05197222,-123.7777667,-123.77776667,0,No Special Jurisdiction,42,Tree (Standing Only),0,Not a Collision with Motor Vehicle In-Transport,0,No,1,Non-Junction,1,Not an Intersection,0,,4,On Roadside,2,Dark - Not Lighted,98,Not Reported,0,No Additional Atmospheric Conditions,98,Not Reported,0,No,0000000,Not Applicable,18,6:00pm-6:59pm,20,20,18,6:00pm-6:59pm,38,38,88,Not Applicable (Not Transported),88,Not Applicable (Not Transported),0,,0,,0,,1,0
41,Oregon,410306,1,1,0,0,2,2,0,51,1650,17,17,11,November,2015,3,Tuesday,4,4:00am-4:59am,8,8,1,This section IS ON the NHS,3,State Highway,SR-99E (ODOT 81),,2,Urban,3,Principal Arterial - Other,1,State Highway Agency,39,39,45.47130833,45.47130833,-122.6397611,-122.63976111,0,No Special Jurisdiction,42,Tree (Standing Only),0,Not a Collision with Motor Vehicle In-Transport,0,No,1,Non-Junction,1,Not an Intersection,0,,4,On Roadside,3,Dark - Lighted,2,Rain,0,No Additional Atmospheric Conditions,2,Rain,0,No,0000000,Not Applicable,4,4:00am-4:59am,12,12,4,4:00am-4:59am,19,19,4,4:00am-4:59am,49,49,0,,0,,0,,1,1
41,Oregon,410307,2,2,0,0,3,3,0,17,0,17,17,11,November,2015,3,Tuesday,20,8:00pm-8:59pm,50,50,1,This section IS ON the NHS,2,U.S. Highway,US-97 (ODOT 4),,1,Rural,3,Principal Arterial - Other,1,State Highway Agency,1588,1588,43.79218056,43.79218056,-121.4451111,-121.44511111,0,No Special Jurisdiction,12,Motor Vehicle In-Transport,2,Front-to-Front,0,No,1,Non-Junction,1,Not an Intersection,0,,1,On Roadway,3,Dark - Lighted,1,Clear,0,No Additional Atmospheric Conditions,1,Clear,0,No,0000000,Not Applicable,20,8:00pm-8:59pm,51,51,21,9:00pm-9:59pm,10,10,88,Not Applicable (Not Transported),88,Not Applicable (Not Transported),20,Police Pursuit Involved,0,,0,,3,0
41,Oregon,410308,1,1,0,1,1,1,1,39,0,19,19,11,November,2015,5,Thursday,21,9:00pm-9:59pm,5,5,1,This section IS ON the NHS,3,State Highway,SR-99W (ODOT 91),,2,Urban,3,Principal Arterial - Other,1,State Highway Agency,1185,1185,44.093,44.093,-123.1626,-123.1626,0,No Special Jurisdiction,9,Pedalcyclist,0,Not a Collision with Motor Vehicle In-Transport,0,No,1,Non-Junction,1,Not an Intersection,0,,1,On Roadway,2,Dark - Not Lighted,1,Clear,0,No Additional Atmospheric Conditions,1,Clear,0,No,0000000,Not Applicable,21,9:00pm-9:59pm,5,5,21,9:00pm-9:59pm,5,5,88,Not Applicable (Not Transported),88,Not Applicable (Not Transported),0,,0,,0,,1,0
41,Oregon,410309,1,1,0,0,2,2,0,53,0,22,22,11,November,2015,1,Sunday,2,2:00am-2:59am,40,40,1,This section IS ON the NHS,3,State Highway,SR-22 (ODOT 30),,1,Rural,3,Principal Arterial - Other,1,State Highway Agency,203,203,44.93267778,44.93267778,-123.1423361,-123.14233611,0,No Special Jurisdiction,1,Rollover/Overturn,0,Not a Collision with Motor Vehicle In-Transport,0,No,1,Non-Junction,1,Not an Intersection,0,,4,On Roadside,3,Dark - Lighted,1,Clear,0,No Additional Atmospheric Conditions,1,Clear,0,No,0000000,Not Applicable,2,2:00am-2:59am,40,40,2,2:00am-2:59am,53,53,3,3:00am-3:59am,16,16,0,,0,,0,,1,1
41,Oregon,410310,2,2,0,0,3,3,0,67,2065,22,22,11,November,2015,1,Sunday,18,6:00pm-6:59pm,52,52,0,This section IS NOT on the NHS,4,County Road,CR-SW ROY ROGERS RD,,2,Urban,4,Minor Arterial,2,County Highway Agency,0,,45.39993889,45.39993889,-122.8518667,-122.85186667,0,No Special Jurisdiction,12,Motor Vehicle In-Transport,2,Front-to-Front,0,No,1,Non-Junction,1,Not an Intersection,0,,1,On Roadway,2,Dark - Not Lighted,1,Clear,0,No Additional Atmospheric Conditions,1,Clear,0,No,0000000,Not Applicable,18,6:00pm-6:59pm,55,55,18,6:00pm-6:59pm,59,59,19,7:00pm-7:59pm,41,41,0,,0,,0,,1,1
41,Oregon,410311,2,2,0,0,2,2,0,47,0,11,11,11,November,2015,4,Wednesday,10,10:00am-10:59am,5,5,0,This section IS NOT on the NHS,4,County Road,CR-HOWELL PRAIRIE RD NE,,1,Rural,5,Major Collector,2,County Highway Agency,28,28,44.94850556,44.94850556,-122.8902583,-122.89025833,0,No Special Jurisdiction,12,Motor Vehicle In-Transport,2,Front-to-Front,0,No,1,Non-Junction,1,Not an Intersection,0,,1,On Roadway,1,Daylight,2,Rain,0,No Additional Atmospheric Conditions,2,Rain,0,No,0000000,Not Applicable,10,10:00am-10:59am,7,7,10,10:00am-10:59am,9,9,99,Unknown,99,Unknown EMS Hospital Arrival Time,0,,0,,0,,1,0
41,Oregon,410312,1,1,0,0,1,1,0,11,0,14,14,11,November,2015,7,Saturday,99,Unknown Hours,99,Unknown Minutes,0,This section IS NOT on the NHS,8,Other,BLM RD 27-11-33.0,,1,Rural,7,Local,68,Bureau of Land Management,20,20,43.19112778,43.19112778,-124.0106833,-124.01068333,0,No Special Jurisdiction,42,Tree (Standing Only),0,Not a Collision with Motor Vehicle In-Transport,0,No,1,Non-Junction,1,Not an Intersection,0,,4,On Roadside,9,Unknown,3,Sleet or Hail,5,"Fog, Smog, Smoke",3,Sleet or Hail,0,No,0000000,Not Applicable,11,11:00am-11:59am,32,32,11,11:00am-11:59am,40,40,88,Not Applicable (Not Transported),88,Not Applicable (Not Transported),0,,0,,0,,1,1